2022-07-07-094001.881425logo-UOC.png	logos	-
2pt-phase-amp.png	diagrams	-
attention_vs_convolution.pdf	diagrams	-
attention_vs_convolution.png	diagrams	-
Background-Euclid.jpeg	backgrounds	-
Cls.pdf	figures	statistics
Correlation_Matrices_MSPC_ks_mca_dark.pdf	figures	matrices
Correlation_Matrices_SSPC_ks_iks_mca_dark.pdf	figures	matrices
Correlation_Matrices_SSPC_ks_mca_dark.pdf	figures	matrices
CosmoStat-Logo_DarkBK.jpg	logos	-
CosmoStat.jpg	logos	-
CosmoStatDarkBK.png	logos	-
cqr_schematic.png	diagrams	-
DeepMassIdea.png	diagrams	-
Euclid.png	logos	-
Euclid_s_view_of_the_Perseus_cluster_of_galaxies.jpg	photos	-
Euclid_sees_spiral_galaxy_NGC_2188_and_galaxy_cluster_Abell_3381.jpg	photos	-
FORTH.png	logos	-
FT_demo1.png	diagrams	-
FT_demo2.png	diagrams	-
Flowchart-of-Metropolis-Hastings-M-H-algorithm-for-the-parameter-estimation-using-the.png	diagrams	-
FwRRLH-aYAATy8r.jpeg	diagrams	-
IA-FORTH_logo.png	logos	-
ICS-for-print-en.png	logos	-
ICS-for-print-en_cropped.png	logos	-
Inpainting.pdf	figures	maps
KiDS_DES_weird_constraints.png	figures	posteriors
LSST_stills_0009b.jpg	photos	-
Logo.png	logos	-
MSPC_hist_ks_iks_mca_4_scales_dark.pdf	figures	statistics
MS_PC_3_scales_GPR_pred.pdf	figures	posteriors
MS_PC_3_scales_GPR_pred_dark.pdf	figures	posteriors
MS_PC_3_scales_GPR_pred_light.pdf	figures	posteriors
Mass_mapping_RMSE_comparison.png	figures	maps
Mass_mapping_RMSE_comparison1.png	figures	maps
NDE.gif	figures	statistics
NoBar_vs_Bar_scale1_dark.pdf	figures	posteriors
NoBar_vs_Bar_scale1_noisy_dark.pdf	figures	posteriors
NoBar_vs_Bar_scale2_dark.pdf	figures	posteriors
NoBar_vs_Bar_scale2_noisy_dark.pdf	figures	posteriors
PC_hist_all_methods_ks_iks_mca_dark.pdf	figures	statistics
PC_hist_all_methods_ks_iks_mca_dark2.pdf	figures	statistics
PS_after_BNT.png	figures	statistics
PnP_1.png	figures	maps
PnP_10.png	figures	maps
PnP_11.png	figures	maps
PnP_12.png	figures	maps
PnP_13.png	figures	maps
PnP_14.png	figures	maps
PnP_2.png	figures	maps
PnP_3.png	figures	maps
PnP_4.png	figures	maps
PnP_5.png	figures	maps
PnP_6.png	figures	maps
PnP_7.png	figures	maps
PnP_8.png	figures	maps
PnP_9.png	figures	maps
PnP_FB_diagram.png	diagrams	-
PnP_iterations.png	figures	statistics
PnP_iterations1.png	figures	statistics
QR_mass_mapping_impact.png	figures	relocate-misc
Relation_btw_kappa_and_gamma.pdf	diagrams	-
SBI_for_baryons.png	diagrams	-
SBI_pipeline.png	diagrams	-
SS_PC_dark.pdf	figures	posteriors
SS_PC_light.pdf	figures	posteriors
Screenshot_UNIONS_FM.png	misc	-
Swyft_vs_MCMC_varnuis_COSMO.pdf	figures	posteriors
Swyft_vs_MCMC_varnuis_DDM.pdf	figures	posteriors
Swyft_vs_MCMC_varnuis_NUISANCE.pdf	figures	posteriors
unet_encoder_decoder.pdf	diagrams	-
unet_encoder_decoder.png	diagrams	-
UNIONS-Logo-TextBlack-1K.png	logos	-
UNIONS-MainVisual-2048x988.jpg	backgrounds	-
Uncertainty_bounds.png	figures	maps
Untitled.pdf	diagrams	-
Untitled12.pdf	figures	matrices
UoC_campus.jpeg	photos	-
Virg1_ copy.png	figures	posteriors
Virg1_.png	figures	posteriors
WL_distortions.png	diagrams	-
WL_mass_map.png	figures	maps
WMAP_timeline_large.jpg	diagrams	-
Wiener_Inpainting_with_mask_contours_kappa.pdf	figures	maps
alltheta_z1_4.png	figures	statistics
alonso_g1.png	figures	maps
alonso_g2.png	figures	maps
background_lls.webp	backgrounds	-
background_sky.jpg	backgrounds	-
baryons_l1_residuals.png	figures	statistics
baryons_ps_residuals.png	figures	statistics
bnt_euclid.pdf	figures	statistics
carl.png	diagrams	-
cls_tophat.png	figures	statistics
compare_cosmo.pdf	figures	posteriors
compare_nuis.pdf	figures	posteriors
convergence.png	figures	maps
cosmoGRID.pdf	figures	maps
cosmoSLICS_mass_maps.png	figures	maps
cosmology_with_maps-1.png	diagrams	-
cosmology_with_maps.pdf	diagrams	-
countours_all_methods_MSPC_6scales_dark.pdf	figures	posteriors
countours_ks_different_scales_dark.pdf	figures	posteriors
countours_mca_different_scales_dark.pdf	figures	posteriors
covariance_matrices.pdf	figures	matrices
covariance_matrix_SS_PC.pdf	figures	matrices
coverage_varnuis.pdf	figures	statistics
cqr.png	figures	statistics
cqr1.png	figures	statistics
dark_matter_art.jpeg	backgrounds	-
data_to_contours.pdf	diagrams	-
data_to_contours2.pdf	diagrams	-
dedm_pie_chart.001.jpeg	diagrams	-
derivative_l1.png	figures	statistics
des_y3_mass_maps.pdf	figures	maps
diagram_network.pdf	diagrams	-
error_bar_calibration.png	figures	statistics
error_bar_calibration1.png	figures	statistics
euclid_intro.mp4	videos	-
first_slide.pdf	misc	-
first_slide2.pdf	misc	-
forth_en1.png	logos	-
forward_model.png	diagrams	-
frac_diff_L1_bins1234_dark.pdf	figures	statistics
frac_diff_L1_scales_v2_dark.pdf	figures	statistics
frac_diff_pc_scales_v2_dark.pdf	figures	statistics
frac_diff_peaks_bins1234_dark.pdf	figures	statistics
frac_diff_ps_v2_dark.pdf	figures	statistics
from_galaxies_to_mass_maps.pdf	diagrams	-
gravitational-lensing-diagram.jpg	diagrams	-
great.jpg	diagrams	-
hsc_constraints.png	figures	posteriors
hsc_correlation_function.png	figures	statistics
illustris_movie_cube_sub_frame.mp4	videos	-
initial_residuals.pdf	figures	statistics
kappa.png	figures	maps
kappa_map_dark.pdf	figures	maps
kids_cls_constraint.jpeg	figures	posteriors
lfi_sim.png	diagrams	-
logo-FORTH-IoA.png	logos	-
logo-FORTH-IoA_1.png	logos	-
logo-FORTH-IoA_2.png	logos	-
logo-crete.png	logos	-
maps-tophat.png	figures	maps
mass_map_tomo.png	figures	maps
mass_maps_(ks_iks_mca)_transparent_dark.pdf	figures	maps
mass_maps_comparison_transparent_dark.pdf	figures	maps
miscoverage_rate.png	figures	statistics
miscoverage_rate1.png	figures	statistics
nsigma_vs_mask_area_all_stats_lmax1024_dark.pdf	figures	statistics
nsigma_vs_upper_cut_masks_dark.pdf	figures	statistics
nz.pdf	figures	statistics
nz_efficiency.pdf	figures	statistics
oie_DGCLMBA7vVI8.png	logos	-
pipeline_black.png	diagrams	-
pipeline_white.png	diagrams	-
pipeline_white2.png	diagrams	-
pk_lss.png	diagrams	-
plot_massive_nu.png	figures	maps
pnp_rmse.png	figures	statistics
probes.png	diagrams	-
residual-tophat.png	figures	statistics
residual_kappa.pdf	figures	maps
roman_logo_black_w200px.png	logos	-
sbi.png	diagrams	-
sbibm_comparison.png	figures	relocate-diagrams
science-lss.MP4	videos	-
shear-crop-lr.png	figures	maps
shear-crop.png	figures	maps
shear_background.jpg	backgrounds	-
shear_cat.png	figures	maps
shear_cat1.png	figures	maps
shear_cat2.png	figures	maps
shear_cat3.png	figures	maps
shear_correlation_animation.mp4	videos	-
shearvskappa_.png	diagrams	-
shp_map_cosmoGRID.pdf	figures	maps
sph_kappa_map_dark.pdf	figures	maps
sph_wavelet3.pdf	figures	maps
starlet_transform.pdf	diagrams	-
starlet_vs_gaussian_scales_multiplots.pdf	figures	statistics
strong_vs_weak_lensing.png	diagrams	-
summary_statistics.pdf	figures	statistics
tophat-emulation.png	figures	statistics
triangle_plot_merged_sm04_sspc_GPypred_dark.pdf	figures	posteriors
triangle_plot_subset_BNT_PS_baryonified_14000_lmax1024_dark.pdf	figures	posteriors
triangle_plot_subset_BNT_PS_baryonified_14000_lmax520_dark.pdf	figures	posteriors
triangle_plot_subset_baryonified_PS_1024_diff_areas_dark.pdf	figures	posteriors
triangle_plot_subset_baryonified_l1_BNT_dark.pdf	figures	posteriors
triangle_plot_subset_baryonified_lmax1024_peaks_l1_scales234_dark.pdf	figures	posteriors
triangle_plot_subset_baryonified_lmax400_peaks_l1_scales234_dark.pdf	figures	posteriors
triangle_plot_subset_baryonified_peaks_bnt_dark.pdf	figures	posteriors
true_mass_map.pdf	figures	maps
vrro.png	logos	-
w0_after_BNT.png	figures	statistics
w1_after_BNT.png	figures	statistics
w2_after_BNT.png	figures	statistics
wavelet_l1_norm.pdf	figures	statistics
wavelets.pdf	figures	statistics
wl_animation.mp4	videos	-
p1_bnt_inflates_l1/step1..3.png	posteriors	build-up, 3 frames, paper render 2026-08
p1_bnt_ps_lossless/step1..2.png	posteriors	build-up, 2 frames, paper render 2026-08
p1_contours_baryon_safe_14k/step1..3.png	posteriors	build-up, 3 frames, paper render 2026-08
p1_contours_vs_area_ps/step1..6.png	posteriors	build-up, 6 frames, paper render 2026-08
p2_bnt_analytic/step1..3.png	posteriors	build-up, 3 frames, paper render 2026-08
p2_corner_cnn_vs_l1/step1..4.png	posteriors	build-up, 4 frames, paper render 2026-08
p2_corner_cnn_vs_l1_auto_only/step1..2.png	posteriors	build-up, 2 frames, l1 auto-only then +CNN, paper render 2026-08
p1_bias_vs_area/step1..3.png	statistics	build-up, 3 frames, paper render 2026-08
p1_fom_vs_area/step1..3.png	statistics	build-up, 3 frames, paper render 2026-08
p1_hos_frac_diff_l1/step1..4.png	statistics	build-up, 4 frames, paper render 2026-08
p1_ps_bias_vs_lmax/step1..2.png	statistics	build-up, 2 frames, paper render 2026-08
p1_ps_frac_diff/step1..4.png	statistics	build-up, 4 frames, paper render 2026-08
p1_starlet_scale_ell/step1..5.png	statistics	build-up, 5 frames, paper render 2026-08
p2_ablation/step1..2.png	statistics	build-up, 2 frames, paper render 2026-08
p2_cp_fom3_bars/step1..3.png	statistics	build-up, 3 frames, paper render 2026-08
p2_sbc/step1..3.png	statistics	build-up, 3 frames, paper render 2026-08
p2_tarp/step1..4.png	statistics	build-up, 4 frames, paper render 2026-08
p2_tarp_bnt/step1..4.png	statistics	build-up, 4 frames, paper render 2026-08
p2_pipeline.png	diagrams	paper render 2026-08
p1_tomo_maps_noiseless_bnt.png	maps	paper render 2026-08
p1_tomo_maps_noiseless_standard.png	maps	paper render 2026-08
p1_tomo_maps_noisy_bnt.png	maps	paper render 2026-08
p1_tomo_maps_noisy_standard.png	maps	paper render 2026-08
p2_data_flatlocal.png	maps	paper render 2026-08
p1_contours_baryon_safe_fullsky.png	posteriors	paper render 2026-08
p2_bnt_learned.png	posteriors	paper render 2026-08
p2_fisher.png	statistics	paper render 2026-08
p2_l1_hist_vs_s8.png	statistics	paper render 2026-08
p2_l1_joint_cellmap.png	statistics	paper render 2026-08
starlet_row_decomposition.png	diagrams	thesis intro F5b, 300 dpi
hos_l1_shape_talk.png	diagrams	the l1 schematic at slide-size type, tools/make-hos-shapes.py --talk; PIML_FORTH_2026 frame 22
kappa_peaks_circled.png	maps	thesis intro N3, left panel cropped, 300 dpi
p2_crossmap_build/k1.png	maps	crop of p2_methods_flatsky_inputs, auto kappa_1, for the cross-map construction slide
p2_crossmap_build/k2.png	maps	crop of p2_methods_flatsky_inputs, auto kappa_2
p2_crossmap_build/prod12.png	maps	crop of p2_methods_flatsky_inputs, product cross-map 1x2
p2_l1_joint_cellmap_tight.png	statistics	p2_l1_joint_cellmap cropped to the panel block (tick labels and axis titles dropped, re-set in HTML)
pnpmass_kappa_panel.png	figures/maps	-
pnpmass_sigma_panel.png	figures/maps	-
tomo_pnp/truth_1.png	maps	kappaTNG truth, one field, channel 1; raster pulled from the draft's SVG (Leterme, Tersenov & Starck, in prep.)
tomo_pnp/meas_1.png	maps	the measured shear (real part), COSMOS mask, channel 1; raster pulled from the draft's SVG (Leterme, Tersenov & Starck, in prep.)
tomo_pnp/perchannel_1.png	maps	PnPMass2D per-channel reconstruction, channel 1; raster pulled from the draft's SVG (Leterme, Tersenov & Starck, in prep.)
tomo_pnp/joint_1.png	maps	PnPMass3D joint reconstruction, channel 1; raster pulled from the draft's SVG (Leterme, Tersenov & Starck, in prep.)
tomo_pnp/perchannel_nulled_1.png	maps	per-channel reconstruction after the BNT nulling, channel 1; raster pulled from the draft's SVG (Leterme, Tersenov & Starck, in prep.)
tomo_pnp/joint_nulled_1.png	maps	joint reconstruction after the BNT nulling, channel 1; raster pulled from the draft's SVG (Leterme, Tersenov & Starck, in prep.)
tomo_pnp/truth_2.png	maps	kappaTNG truth, one field, channel 2; raster pulled from the draft's SVG (Leterme, Tersenov & Starck, in prep.)
tomo_pnp/meas_2.png	maps	the measured shear (real part), COSMOS mask, channel 2; raster pulled from the draft's SVG (Leterme, Tersenov & Starck, in prep.)
tomo_pnp/perchannel_2.png	maps	PnPMass2D per-channel reconstruction, channel 2; raster pulled from the draft's SVG (Leterme, Tersenov & Starck, in prep.)
tomo_pnp/joint_2.png	maps	PnPMass3D joint reconstruction, channel 2; raster pulled from the draft's SVG (Leterme, Tersenov & Starck, in prep.)
tomo_pnp/perchannel_nulled_2.png	maps	per-channel reconstruction after the BNT nulling, channel 2; raster pulled from the draft's SVG (Leterme, Tersenov & Starck, in prep.)
tomo_pnp/joint_nulled_2.png	maps	joint reconstruction after the BNT nulling, channel 2; raster pulled from the draft's SVG (Leterme, Tersenov & Starck, in prep.)
tomo_pnp/truth_3.png	maps	kappaTNG truth, one field, channel 3; raster pulled from the draft's SVG (Leterme, Tersenov & Starck, in prep.)
tomo_pnp/meas_3.png	maps	the measured shear (real part), COSMOS mask, channel 3; raster pulled from the draft's SVG (Leterme, Tersenov & Starck, in prep.)
tomo_pnp/perchannel_3.png	maps	PnPMass2D per-channel reconstruction, channel 3; raster pulled from the draft's SVG (Leterme, Tersenov & Starck, in prep.)
tomo_pnp/joint_3.png	maps	PnPMass3D joint reconstruction, channel 3; raster pulled from the draft's SVG (Leterme, Tersenov & Starck, in prep.)
tomo_pnp/perchannel_nulled_3.png	maps	per-channel reconstruction after the BNT nulling, channel 3; raster pulled from the draft's SVG (Leterme, Tersenov & Starck, in prep.)
tomo_pnp/joint_nulled_3.png	maps	joint reconstruction after the BNT nulling, channel 3; raster pulled from the draft's SVG (Leterme, Tersenov & Starck, in prep.)
tomo_pnp/truth_4.png	maps	kappaTNG truth, one field, channel 4; raster pulled from the draft's SVG (Leterme, Tersenov & Starck, in prep.)
tomo_pnp/meas_4.png	maps	the measured shear (real part), COSMOS mask, channel 4; raster pulled from the draft's SVG (Leterme, Tersenov & Starck, in prep.)
tomo_pnp/perchannel_4.png	maps	PnPMass2D per-channel reconstruction, channel 4; raster pulled from the draft's SVG (Leterme, Tersenov & Starck, in prep.)
tomo_pnp/joint_4.png	maps	PnPMass3D joint reconstruction, channel 4; raster pulled from the draft's SVG (Leterme, Tersenov & Starck, in prep.)
tomo_pnp/perchannel_nulled_4.png	maps	per-channel reconstruction after the BNT nulling, channel 4; raster pulled from the draft's SVG (Leterme, Tersenov & Starck, in prep.)
tomo_pnp/joint_nulled_4.png	maps	joint reconstruction after the BNT nulling, channel 4; raster pulled from the draft's SVG (Leterme, Tersenov & Starck, in prep.)
tomo_pnp/truth_5.png	maps	kappaTNG truth, one field, channel 5; raster pulled from the draft's SVG (Leterme, Tersenov & Starck, in prep.)
tomo_pnp/meas_5.png	maps	the measured shear (real part), COSMOS mask, channel 5; raster pulled from the draft's SVG (Leterme, Tersenov & Starck, in prep.)
tomo_pnp/perchannel_5.png	maps	PnPMass2D per-channel reconstruction, channel 5; raster pulled from the draft's SVG (Leterme, Tersenov & Starck, in prep.)
tomo_pnp/joint_5.png	maps	PnPMass3D joint reconstruction, channel 5; raster pulled from the draft's SVG (Leterme, Tersenov & Starck, in prep.)
tomo_pnp/perchannel_nulled_5.png	maps	per-channel reconstruction after the BNT nulling, channel 5; raster pulled from the draft's SVG (Leterme, Tersenov & Starck, in prep.)
tomo_pnp/joint_nulled_5.png	maps	joint reconstruction after the BNT nulling, channel 5; raster pulled from the draft's SVG (Leterme, Tersenov & Starck, in prep.)
tomo_pnp/truth_6.png	maps	kappaTNG truth, one field, channel 6; raster pulled from the draft's SVG (Leterme, Tersenov & Starck, in prep.)
tomo_pnp/meas_6.png	maps	the measured shear (real part), COSMOS mask, channel 6; raster pulled from the draft's SVG (Leterme, Tersenov & Starck, in prep.)
tomo_pnp/perchannel_6.png	maps	PnPMass2D per-channel reconstruction, channel 6; raster pulled from the draft's SVG (Leterme, Tersenov & Starck, in prep.)
tomo_pnp/joint_6.png	maps	PnPMass3D joint reconstruction, channel 6; raster pulled from the draft's SVG (Leterme, Tersenov & Starck, in prep.)
tomo_pnp/perchannel_nulled_6.png	maps	per-channel reconstruction after the BNT nulling, channel 6; raster pulled from the draft's SVG (Leterme, Tersenov & Starck, in prep.)
tomo_pnp/joint_nulled_6.png	maps	joint reconstruction after the BNT nulling, channel 6; raster pulled from the draft's SVG (Leterme, Tersenov & Starck, in prep.)
tomo_pnp_nrmse_per_channel.svg	statistics	draft Fig. 4b, PnP error per redshift bin (Leterme, Tersenov & Starck, in prep.)
tomo_denoise_nrmse_per_channel.svg	statistics	draft Fig. 4a, denoising error per redshift bin at sigma 0.2
tomo_pnp_nrmse_per_iteration.png	statistics	draft Fig. 5, PnPMass3D error per iteration
PnP_11_talk.png	maps	PnP_11 with the in-figure bullets painted out and the empty top cropped, for the PIML residuals frame
PnP_14_talk.png	maps	PnP_14, same treatment
Relation_btw_kappa_and_gamma_light.png	diagrams	the kappa/gamma/potential figure with dark labels, for light slides
